group_id,split,row_count,case_types,preview_exposed
D001:l:00,exploration,15,type1,1
D001:l:01,exploration,15,type1,1
D001:l:02,exploration,15,type1,1
D001:l:03,exploration,15,type1,1
D001:l:04,exploration,15,type1,1
D001:m:00,exploration,15,type2,0
D001:m:01,holdout,15,type2,0
D001:m:02,holdout,15,type2,0
D001:m:03,holdout,15,type2,0
D001:m:04,holdout,15,type2,0
D001:m:05,holdout,15,type2,0
D001:m:06,holdout,15,type2,0
D001:m:07,holdout,15,type2,0
D001:m:08,holdout,15,type2,0
D001:m:09,exploration,15,type2,0
D001_D005:h:00,holdout,45,type3+type4,0
D001_D005:h:01,holdout,45,type3+type4,0
D001_D005:h:02,holdout,45,type3+type4,0
D001_D005:h:03,holdout,45,type3+type4,0
D001_D005:h:04,holdout,45,type3+type4,0
D001_D008:h:00,holdout,45,type3+type4,0
D001_D008:h:01,holdout,45,type3+type4,0
D001_D008:h:02,holdout,45,type3+type4,0
D001_D008:h:03,holdout,45,type3+type4,0
D001_D008:h:04,holdout,45,type3+type4,0
D001_D011:h:00,holdout,45,type3+type4,0
D001_D011:h:01,holdout,45,type3+type4,0
D001_D011:h:02,holdout,45,type3+type4,0
D001_D011:h:03,holdout,45,type3+type4,0
D001_D011:h:04,holdout,45,type3+type4,0
D001_D013:h:00,holdout,45,type3+type4,0
D001_D013:h:01,holdout,45,type3+type4,0
D001_D013:h:02,holdout,45,type3+type4,0
D001_D013:h:03,exploration,45,type3+type4,0
D001_D013:h:04,holdout,45,type3+type4,0
D002:l:00,exploration,15,type1,1
D002:l:01,exploration,15,type1,1
D002:l:02,holdout,15,type1,0
D002:l:03,holdout,15,type1,0
D002:l:04,holdout,15,type1,0
D002:m:00,holdout,15,type2,0
D002:m:01,holdout,15,type2,0
D002:m:02,exploration,15,type2,0
D002:m:03,holdout,15,type2,0
D002:m:04,holdout,15,type2,0
D002:m:05,holdout,15,type2,0
D002:m:06,holdout,15,type2,0
D002:m:07,exploration,15,type2,0
D002:m:08,holdout,15,type2,0
D002:m:09,holdout,15,type2,0
D002_D005:h:00,holdout,45,type3+type4,0
D002_D005:h:01,holdout,45,type3+type4,0
D002_D005:h:02,holdout,45,type3+type4,0
D002_D005:h:03,holdout,45,type3+type4,0
D002_D005:h:04,holdout,45,type3+type4,0
D002_D011:h:00,holdout,45,type3+type4,0
D002_D011:h:01,holdout,45,type3+type4,0
D002_D011:h:02,holdout,45,type3+type4,0
D002_D011:h:03,exploration,45,type3+type4,0
D002_D011:h:04,holdout,45,type3+type4,0
D002_D013:h:00,holdout,45,type3+type4,0
D002_D013:h:01,holdout,45,type3+type4,0
D002_D013:h:02,holdout,45,type3+type4,0
D002_D013:h:03,holdout,45,type3+type4,0
D002_D013:h:04,holdout,45,type3+type4,0
D003:l:00,holdout,15,type1,0
D003:l:01,holdout,15,type1,0
D003:l:02,exploration,15,type1,0
D003:l:03,holdout,15,type1,0
D003:l:04,exploration,15,type1,0
D003:m:00,holdout,15,type2,0
D003:m:01,holdout,15,type2,0
D003:m:02,holdout,15,type2,0
D003:m:03,exploration,15,type2,0
D003:m:04,exploration,15,type2,0
D003:m:05,holdout,15,type2,0
D003:m:06,holdout,15,type2,0
D003:m:07,holdout,15,type2,0
D003:m:08,holdout,15,type2,0
D003:m:09,holdout,15,type2,0
D003_D005:h:00,holdout,45,type3+type4,0
D003_D005:h:01,holdout,45,type3+type4,0
D003_D005:h:02,holdout,45,type3+type4,0
D003_D005:h:03,holdout,45,type3+type4,0
D003_D005:h:04,holdout,45,type3+type4,0
D003_D008:h:00,holdout,45,type3+type4,0
D003_D008:h:01,exploration,45,type3+type4,0
D003_D008:h:02,holdout,45,type3+type4,0
D003_D008:h:03,holdout,45,type3+type4,0
D003_D008:h:04,holdout,45,type3+type4,0
D004:l:00,holdout,15,type1,0
D004:l:01,holdout,15,type1,0
D004:l:02,exploration,15,type1,0
D004:l:03,exploration,15,type1,0
D004:l:04,holdout,15,type1,0
D004:m:00,holdout,15,type2,0
D004:m:01,holdout,15,type2,0
D004:m:02,holdout,15,type2,0
D004:m:03,exploration,15,type2,0
D004:m:04,holdout,15,type2,0
D004:m:05,holdout,15,type2,0
D004:m:06,holdout,15,type2,0
D004:m:07,exploration,15,type2,0
D004:m:08,holdout,15,type2,0
D004:m:09,holdout,15,type2,0
D004_D005:h:00,holdout,45,type3+type4,0
D004_D005:h:01,holdout,45,type3+type4,0
D004_D005:h:02,holdout,45,type3+type4,0
D004_D005:h:03,holdout,45,type3+type4,0
D004_D005:h:04,holdout,45,type3+type4,0
D004_D006:h:00,holdout,45,type3+type4,0
D004_D006:h:01,holdout,45,type3+type4,0
D004_D006:h:02,holdout,45,type3+type4,0
D004_D006:h:03,holdout,45,type3+type4,0
D004_D006:h:04,holdout,45,type3+type4,0
D004_D007:h:00,holdout,45,type3+type4,0
D004_D007:h:01,holdout,45,type3+type4,0
D004_D007:h:02,holdout,45,type3+type4,0
D004_D007:h:03,holdout,45,type3+type4,0
D004_D007:h:04,holdout,45,type3+type4,0
D004_D010:h:00,holdout,45,type3+type4,0
D004_D010:h:01,holdout,45,type3+type4,0
D004_D010:h:02,holdout,45,type3+type4,0
D004_D010:h:03,holdout,45,type3+type4,0
D004_D010:h:04,holdout,45,type3+type4,0
D004_D015:h:00,holdout,45,type3+type4,0
D004_D015:h:01,holdout,45,type3+type4,0
D004_D015:h:02,exploration,45,type3+type4,0
D004_D015:h:03,holdout,45,type3+type4,0
D004_D015:h:04,holdout,45,type3+type4,0
D004_D016:h:00,holdout,45,type3+type4,0
D004_D016:h:01,holdout,45,type3+type4,0
D004_D016:h:02,holdout,45,type3+type4,0
D004_D016:h:03,holdout,45,type3+type4,0
D004_D016:h:04,holdout,45,type3+type4,0
D004_D017:h:00,holdout,45,type3+type4,0
D004_D017:h:01,holdout,45,type3+type4,0
D004_D017:h:02,holdout,45,type3+type4,0
D004_D017:h:03,holdout,45,type3+type4,0
D004_D017:h:04,holdout,45,type3+type4,0
D005:l:00,holdout,15,type1,0
D005:l:01,holdout,15,type1,0
D005:l:02,exploration,15,type1,0
D005:l:03,exploration,15,type1,0
D005:l:04,holdout,15,type1,0
D005:m:00,holdout,15,type2,0
D005:m:01,exploration,15,type2,0
D005:m:02,holdout,15,type2,0
D005:m:03,holdout,15,type2,0
D005:m:04,holdout,15,type2,0
D005:m:05,holdout,15,type2,0
D005:m:06,holdout,15,type2,0
D005:m:07,holdout,15,type2,0
D005:m:08,exploration,15,type2,0
D005:m:09,holdout,15,type2,0
D005_D006:h:00,holdout,45,type3+type4,0
D005_D006:h:01,holdout,45,type3+type4,0
D005_D006:h:02,holdout,45,type3+type4,0
D005_D006:h:03,holdout,45,type3+type4,0
D005_D006:h:04,holdout,45,type3+type4,0
D005_D007:h:00,holdout,45,type3+type4,0
D005_D007:h:01,holdout,45,type3+type4,0
D005_D007:h:02,holdout,45,type3+type4,0
D005_D007:h:03,holdout,45,type3+type4,0
D005_D007:h:04,holdout,45,type3+type4,0
D005_D010:h:00,holdout,45,type3+type4,0
D005_D010:h:01,holdout,45,type3+type4,0
D005_D010:h:02,holdout,45,type3+type4,0
D005_D010:h:03,holdout,45,type3+type4,0
D005_D010:h:04,holdout,45,type3+type4,0
D005_D015:h:00,holdout,45,type3+type4,0
D005_D015:h:01,holdout,45,type3+type4,0
D005_D015:h:02,holdout,45,type3+type4,0
D005_D015:h:03,holdout,45,type3+type4,0
D005_D015:h:04,holdout,45,type3+type4,0
D005_D018:h:00,exploration,45,type3+type4,0
D005_D018:h:01,holdout,45,type3+type4,0
D005_D018:h:02,holdout,45,type3+type4,0
D005_D018:h:03,holdout,45,type3+type4,0
D005_D018:h:04,holdout,45,type3+type4,0
D006:l:00,exploration,15,type1,0
D006:l:01,holdout,15,type1,0
D006:l:02,holdout,15,type1,0
D006:l:03,holdout,15,type1,0
D006:l:04,exploration,15,type1,0
D006:m:00,holdout,15,type2,0
D006:m:01,holdout,15,type2,0
D006:m:02,exploration,15,type2,0
D006:m:03,holdout,15,type2,0
D006:m:04,holdout,15,type2,0
D006:m:05,holdout,15,type2,0
D006:m:06,exploration,15,type2,0
D006:m:07,holdout,15,type2,0
D006:m:08,holdout,15,type2,0
D006:m:09,holdout,15,type2,0
D006_D005:h:00,holdout,45,type3+type4,0
D006_D005:h:01,holdout,45,type3+type4,0
D006_D005:h:02,holdout,45,type3+type4,0
D006_D005:h:03,holdout,45,type3+type4,0
D006_D005:h:04,holdout,45,type3+type4,0
D006_D010:h:00,exploration,45,type3+type4,0
D006_D010:h:01,holdout,45,type3+type4,0
D006_D010:h:02,holdout,45,type3+type4,0
D006_D010:h:03,holdout,45,type3+type4,0
D006_D010:h:04,holdout,45,type3+type4,0
D007:l:00,exploration,15,type1,0
D007:l:01,holdout,15,type1,0
D007:l:02,exploration,15,type1,0
D007:l:03,holdout,15,type1,0
D007:l:04,holdout,15,type1,0
D007:m:00,holdout,15,type2,0
D007:m:01,holdout,15,type2,0
D007:m:02,holdout,15,type2,0
D007:m:03,holdout,15,type2,0
D007:m:04,exploration,15,type2,0
D007:m:05,holdout,15,type2,0
D007:m:06,holdout,15,type2,0
D007:m:07,holdout,15,type2,0
D007:m:08,holdout,15,type2,0
D007:m:09,exploration,15,type2,0
D007_D005:h:00,holdout,45,type3+type4,0
D007_D005:h:01,holdout,45,type3+type4,0
D007_D005:h:02,holdout,45,type3+type4,0
D007_D005:h:03,holdout,45,type3+type4,0
D007_D005:h:04,holdout,45,type3+type4,0
D007_D015:h:00,holdout,45,type3+type4,0
D007_D015:h:01,holdout,45,type3+type4,0
D007_D015:h:02,holdout,45,type3+type4,0
D007_D015:h:03,exploration,45,type3+type4,0
D007_D015:h:04,holdout,45,type3+type4,0
D008:l:00,exploration,15,type1,0
D008:l:01,holdout,15,type1,0
D008:l:02,holdout,15,type1,0
D008:l:03,holdout,15,type1,0
D008:l:04,exploration,15,type1,0
D008:m:00,holdout,15,type2,0
D008:m:01,holdout,15,type2,0
D008:m:02,holdout,15,type2,0
D008:m:03,holdout,15,type2,0
D008:m:04,holdout,15,type2,0
D008:m:05,holdout,15,type2,0
D008:m:06,holdout,15,type2,0
D008:m:07,exploration,15,type2,0
D008:m:08,holdout,15,type2,0
D008:m:09,exploration,15,type2,0
D008_D001:h:00,holdout,45,type3+type4,0
D008_D001:h:01,holdout,45,type3+type4,0
D008_D001:h:02,holdout,45,type3+type4,0
D008_D001:h:03,holdout,45,type3+type4,0
D008_D001:h:04,holdout,45,type3+type4,0
D008_D003:h:00,holdout,45,type3+type4,0
D008_D003:h:01,holdout,45,type3+type4,0
D008_D003:h:02,holdout,45,type3+type4,0
D008_D003:h:03,holdout,45,type3+type4,0
D008_D003:h:04,holdout,45,type3+type4,0
D008_D011:h:00,holdout,45,type3+type4,0
D008_D011:h:01,holdout,45,type3+type4,0
D008_D011:h:02,holdout,45,type3+type4,0
D008_D011:h:03,holdout,45,type3+type4,0
D008_D011:h:04,holdout,45,type3+type4,0
D008_D018:h:00,holdout,45,type3+type4,0
D008_D018:h:01,holdout,45,type3+type4,0
D008_D018:h:02,holdout,45,type3+type4,0
D008_D018:h:03,holdout,45,type3+type4,0
D008_D018:h:04,holdout,45,type3+type4,0
D009:l:00,holdout,15,type1,0
D009:l:01,exploration,15,type1,0
D009:l:02,exploration,15,type1,0
D009:l:03,holdout,15,type1,0
D009:l:04,holdout,15,type1,0
D009:m:00,holdout,15,type2,0
D009:m:01,exploration,15,type2,0
D009:m:02,holdout,15,type2,0
D009:m:03,holdout,15,type2,0
D009:m:04,holdout,15,type2,0
D009:m:05,holdout,15,type2,0
D009:m:06,holdout,15,type2,0
D009:m:07,exploration,15,type2,0
D009:m:08,holdout,15,type2,0
D009:m:09,holdout,15,type2,0
D009_D001:h:00,holdout,45,type3+type4,0
D009_D001:h:01,holdout,45,type3+type4,0
D009_D001:h:02,holdout,45,type3+type4,0
D009_D001:h:03,holdout,45,type3+type4,0
D009_D001:h:04,holdout,45,type3+type4,0
D009_D003:h:00,holdout,45,type3+type4,0
D009_D003:h:01,holdout,45,type3+type4,0
D009_D003:h:02,holdout,45,type3+type4,0
D009_D003:h:03,holdout,45,type3+type4,0
D009_D003:h:04,holdout,45,type3+type4,0
D009_D008:h:00,holdout,45,type3+type4,0
D009_D008:h:01,holdout,45,type3+type4,0
D009_D008:h:02,holdout,45,type3+type4,0
D009_D008:h:03,holdout,45,type3+type4,0
D009_D008:h:04,holdout,45,type3+type4,0
D009_D011:h:00,holdout,45,type3+type4,0
D009_D011:h:01,holdout,45,type3+type4,0
D009_D011:h:02,holdout,45,type3+type4,0
D009_D011:h:03,holdout,45,type3+type4,0
D009_D011:h:04,holdout,45,type3+type4,0
D009_D018:h:00,holdout,45,type3+type4,0
D009_D018:h:01,holdout,45,type3+type4,0
D009_D018:h:02,holdout,45,type3+type4,0
D009_D018:h:03,holdout,45,type3+type4,0
D009_D018:h:04,holdout,45,type3+type4,0
D010:l:00,holdout,15,type1,0
D010:l:01,holdout,15,type1,0
D010:l:02,exploration,15,type1,0
D010:l:03,exploration,15,type1,0
D010:l:04,holdout,15,type1,0
D010:m:00,holdout,15,type2,0
D010:m:01,holdout,15,type2,0
D010:m:02,holdout,15,type2,0
D010:m:03,holdout,15,type2,0
D010:m:04,exploration,15,type2,0
D010:m:05,holdout,15,type2,0
D010:m:06,exploration,15,type2,0
D010:m:07,holdout,15,type2,0
D010:m:08,holdout,15,type2,0
D010:m:09,holdout,15,type2,0
D010_D005:h:00,holdout,45,type3+type4,0
D010_D005:h:01,holdout,45,type3+type4,0
D010_D005:h:02,holdout,45,type3+type4,0
D010_D005:h:03,holdout,45,type3+type4,0
D010_D005:h:04,holdout,45,type3+type4,0
D010_D006:h:00,holdout,45,type3+type4,0
D010_D006:h:01,holdout,45,type3+type4,0
D010_D006:h:02,holdout,45,type3+type4,0
D010_D006:h:03,holdout,45,type3+type4,0
D010_D006:h:04,holdout,45,type3+type4,0
D011:l:00,exploration,15,type1,0
D011:l:01,holdout,15,type1,0
D011:l:02,holdout,15,type1,0
D011:l:03,holdout,15,type1,0
D011:l:04,exploration,15,type1,0
D011:m:00,holdout,15,type2,0
D011:m:01,holdout,15,type2,0
D011:m:02,holdout,15,type2,0
D011:m:03,holdout,15,type2,0
D011:m:04,holdout,15,type2,0
D011:m:05,holdout,15,type2,0
D011:m:06,exploration,15,type2,0
D011:m:07,holdout,15,type2,0
D011:m:08,holdout,15,type2,0
D011:m:09,exploration,15,type2,0
D011_D012:h:00,holdout,45,type3+type4,0
D011_D012:h:01,holdout,45,type3+type4,0
D011_D012:h:02,holdout,45,type3+type4,0
D011_D012:h:03,holdout,45,type3+type4,0
D011_D012:h:04,holdout,45,type3+type4,0
D011_D016:h:00,holdout,45,type3+type4,0
D011_D016:h:01,holdout,45,type3+type4,0
D011_D016:h:02,holdout,45,type3+type4,0
D011_D016:h:03,holdout,45,type3+type4,0
D011_D016:h:04,holdout,45,type3+type4,0
D011_D018:h:00,holdout,45,type3+type4,0
D011_D018:h:01,holdout,45,type3+type4,0
D011_D018:h:02,holdout,45,type3+type4,0
D011_D018:h:03,holdout,45,type3+type4,0
D011_D018:h:04,holdout,45,type3+type4,0
D011_D020:h:00,holdout,45,type3+type4,0
D011_D020:h:01,holdout,45,type3+type4,0
D011_D020:h:02,holdout,45,type3+type4,0
D011_D020:h:03,holdout,45,type3+type4,0
D011_D020:h:04,holdout,45,type3+type4,0
D012:l:00,exploration,15,type1,0
D012:l:01,holdout,15,type1,0
D012:l:02,exploration,15,type1,0
D012:l:03,holdout,15,type1,0
D012:l:04,holdout,15,type1,0
D012:m:00,holdout,15,type2,0
D012:m:01,exploration,15,type2,0
D012:m:02,holdout,15,type2,0
D012:m:03,exploration,15,type2,0
D012:m:04,holdout,15,type2,0
D012:m:05,holdout,15,type2,0
D012:m:06,holdout,15,type2,0
D012:m:07,holdout,15,type2,0
D012:m:08,holdout,15,type2,0
D012:m:09,holdout,15,type2,0
D012_D005:h:00,holdout,45,type3+type4,0
D012_D005:h:01,holdout,45,type3+type4,0
D012_D005:h:02,holdout,45,type3+type4,0
D012_D005:h:03,holdout,45,type3+type4,0
D012_D005:h:04,holdout,45,type3+type4,0
D012_D016:h:00,holdout,45,type3+type4,0
D012_D016:h:01,exploration,45,type3+type4,0
D012_D016:h:02,holdout,45,type3+type4,0
D012_D016:h:03,holdout,45,type3+type4,0
D012_D016:h:04,holdout,45,type3+type4,0
D012_D018:h:00,holdout,45,type3+type4,0
D012_D018:h:01,holdout,45,type3+type4,0
D012_D018:h:02,holdout,45,type3+type4,0
D012_D018:h:03,holdout,45,type3+type4,0
D012_D018:h:04,holdout,45,type3+type4,0
D012_D021:h:00,holdout,45,type3+type4,0
D012_D021:h:01,holdout,45,type3+type4,0
D012_D021:h:02,holdout,45,type3+type4,0
D012_D021:h:03,holdout,45,type3+type4,0
D012_D021:h:04,holdout,45,type3+type4,0
D013:l:00,exploration,15,type1,0
D013:l:01,exploration,15,type1,0
D013:l:02,holdout,15,type1,0
D013:l:03,holdout,15,type1,0
D013:l:04,holdout,15,type1,0
D013:m:00,holdout,15,type2,0
D013:m:01,holdout,15,type2,0
D013:m:02,exploration,15,type2,0
D013:m:03,holdout,15,type2,0
D013:m:04,holdout,15,type2,0
D013:m:05,holdout,15,type2,0
D013:m:06,holdout,15,type2,0
D013:m:07,holdout,15,type2,0
D013:m:08,exploration,15,type2,0
D013:m:09,holdout,15,type2,0
D013_D008:h:00,holdout,45,type3+type4,0
D013_D008:h:01,holdout,45,type3+type4,0
D013_D008:h:02,holdout,45,type3+type4,0
D013_D008:h:03,holdout,45,type3+type4,0
D013_D008:h:04,holdout,45,type3+type4,0
D013_D009:h:00,holdout,45,type3+type4,0
D013_D009:h:01,holdout,45,type3+type4,0
D013_D009:h:02,holdout,45,type3+type4,0
D013_D009:h:03,holdout,45,type3+type4,0
D013_D009:h:04,holdout,45,type3+type4,0
D013_D020:h:00,holdout,45,type3+type4,0
D013_D020:h:01,holdout,45,type3+type4,0
D013_D020:h:02,holdout,45,type3+type4,0
D013_D020:h:03,holdout,45,type3+type4,0
D013_D020:h:04,holdout,45,type3+type4,0
D014:l:00,holdout,15,type1,0
D014:l:01,holdout,15,type1,0
D014:l:02,exploration,15,type1,0
D014:l:03,exploration,15,type1,0
D014:l:04,holdout,15,type1,0
D014:m:00,holdout,15,type2,0
D014:m:01,holdout,15,type2,0
D014:m:02,holdout,15,type2,0
D014:m:03,exploration,15,type2,0
D014:m:04,holdout,15,type2,0
D014:m:05,exploration,15,type2,0
D014:m:06,holdout,15,type2,0
D014:m:07,holdout,15,type2,0
D014:m:08,holdout,15,type2,0
D014:m:09,holdout,15,type2,0
D014_D008:h:00,holdout,45,type3+type4,0
D014_D008:h:01,holdout,45,type3+type4,0
D014_D008:h:02,holdout,45,type3+type4,0
D014_D008:h:03,holdout,45,type3+type4,0
D014_D008:h:04,holdout,45,type3+type4,0
D014_D009:h:00,holdout,45,type3+type4,0
D014_D009:h:01,exploration,45,type3+type4,0
D014_D009:h:02,holdout,45,type3+type4,0
D014_D009:h:03,holdout,45,type3+type4,0
D014_D009:h:04,holdout,45,type3+type4,0
D014_D013:h:00,holdout,45,type3+type4,0
D014_D013:h:01,holdout,45,type3+type4,0
D014_D013:h:02,holdout,45,type3+type4,0
D014_D013:h:03,holdout,45,type3+type4,0
D014_D013:h:04,holdout,45,type3+type4,0
D015:l:00,exploration,15,type1,0
D015:l:01,exploration,15,type1,0
D015:l:02,holdout,15,type1,0
D015:l:03,holdout,15,type1,0
D015:l:04,holdout,15,type1,0
D015:m:00,holdout,15,type2,0
D015:m:01,exploration,15,type2,0
D015:m:02,exploration,15,type2,0
D015:m:03,holdout,15,type2,0
D015:m:04,holdout,15,type2,0
D015:m:05,holdout,15,type2,0
D015:m:06,holdout,15,type2,0
D015:m:07,holdout,15,type2,0
D015:m:08,holdout,15,type2,0
D015:m:09,holdout,15,type2,0
D015_D005:h:00,holdout,45,type3+type4,0
D015_D005:h:01,holdout,45,type3+type4,0
D015_D005:h:02,holdout,45,type3+type4,0
D015_D005:h:03,holdout,45,type3+type4,0
D015_D005:h:04,holdout,45,type3+type4,0
D015_D007:h:00,holdout,45,type3+type4,0
D015_D007:h:01,holdout,45,type3+type4,0
D015_D007:h:02,holdout,45,type3+type4,0
D015_D007:h:03,holdout,45,type3+type4,0
D015_D007:h:04,holdout,45,type3+type4,0
D016:l:00,exploration,15,type1,0
D016:l:01,exploration,15,type1,0
D016:l:02,holdout,15,type1,0
D016:l:03,holdout,15,type1,0
D016:l:04,holdout,15,type1,0
D016:m:00,holdout,15,type2,0
D016:m:01,exploration,15,type2,0
D016:m:02,holdout,15,type2,0
D016:m:03,holdout,15,type2,0
D016:m:04,holdout,15,type2,0
D016:m:05,holdout,15,type2,0
D016:m:06,exploration,15,type2,0
D016:m:07,holdout,15,type2,0
D016:m:08,holdout,15,type2,0
D016:m:09,holdout,15,type2,0
D016_D005:h:00,holdout,45,type3+type4,0
D016_D005:h:01,holdout,45,type3+type4,0
D016_D005:h:02,holdout,45,type3+type4,0
D016_D005:h:03,holdout,45,type3+type4,0
D016_D005:h:04,holdout,45,type3+type4,0
D016_D011:h:00,holdout,45,type3+type4,0
D016_D011:h:01,holdout,45,type3+type4,0
D016_D011:h:02,holdout,45,type3+type4,0
D016_D011:h:03,holdout,45,type3+type4,0
D016_D011:h:04,holdout,45,type3+type4,0
D016_D012:h:00,holdout,45,type3+type4,0
D016_D012:h:01,holdout,45,type3+type4,0
D016_D012:h:02,holdout,45,type3+type4,0
D016_D012:h:03,holdout,45,type3+type4,0
D016_D012:h:04,holdout,45,type3+type4,0
D016_D013:h:00,holdout,45,type3+type4,0
D016_D013:h:01,holdout,45,type3+type4,0
D016_D013:h:02,holdout,45,type3+type4,0
D016_D013:h:03,holdout,45,type3+type4,0
D016_D013:h:04,holdout,45,type3+type4,0
D016_D021:h:00,holdout,45,type3+type4,0
D016_D021:h:01,holdout,45,type3+type4,0
D016_D021:h:02,holdout,45,type3+type4,0
D016_D021:h:03,holdout,45,type3+type4,0
D016_D021:h:04,holdout,45,type3+type4,0
D017:l:00,holdout,15,type1,0
D017:l:01,exploration,15,type1,0
D017:l:02,exploration,15,type1,0
D017:l:03,holdout,15,type1,0
D017:l:04,holdout,15,type1,0
D017:m:00,holdout,15,type2,0
D017:m:01,exploration,15,type2,0
D017:m:02,holdout,15,type2,0
D017:m:03,holdout,15,type2,0
D017:m:04,holdout,15,type2,0
D017:m:05,holdout,15,type2,0
D017:m:06,exploration,15,type2,0
D017:m:07,holdout,15,type2,0
D017:m:08,holdout,15,type2,0
D017:m:09,holdout,15,type2,0
D017_D004:h:00,holdout,45,type3+type4,0
D017_D004:h:01,holdout,45,type3+type4,0
D017_D004:h:02,holdout,45,type3+type4,0
D017_D004:h:03,holdout,45,type3+type4,0
D017_D004:h:04,holdout,45,type3+type4,0
D017_D005:h:00,holdout,45,type3+type4,0
D017_D005:h:01,holdout,45,type3+type4,0
D017_D005:h:02,holdout,45,type3+type4,0
D017_D005:h:03,holdout,45,type3+type4,0
D017_D005:h:04,holdout,45,type3+type4,0
D017_D011:h:00,holdout,45,type3+type4,0
D017_D011:h:01,holdout,45,type3+type4,0
D017_D011:h:02,holdout,45,type3+type4,0
D017_D011:h:03,holdout,45,type3+type4,0
D017_D011:h:04,holdout,45,type3+type4,0
D017_D013:h:00,holdout,45,type3+type4,0
D017_D013:h:01,holdout,45,type3+type4,0
D017_D013:h:02,holdout,45,type3+type4,0
D017_D013:h:03,holdout,45,type3+type4,0
D017_D013:h:04,holdout,45,type3+type4,0
D017_D016:h:00,holdout,45,type3+type4,0
D017_D016:h:01,holdout,45,type3+type4,0
D017_D016:h:02,holdout,45,type3+type4,0
D017_D016:h:03,holdout,45,type3+type4,0
D017_D016:h:04,holdout,45,type3+type4,0
D017_D021:h:00,holdout,45,type3+type4,0
D017_D021:h:01,exploration,45,type3+type4,0
D017_D021:h:02,holdout,45,type3+type4,0
D017_D021:h:03,holdout,45,type3+type4,0
D017_D021:h:04,holdout,45,type3+type4,0
D018:l:00,exploration,15,type1,0
D018:l:01,holdout,15,type1,0
D018:l:02,holdout,15,type1,0
D018:l:03,exploration,15,type1,0
D018:l:04,holdout,15,type1,0
D018:m:00,holdout,15,type2,0
D018:m:01,holdout,15,type2,0
D018:m:02,holdout,15,type2,0
D018:m:03,holdout,15,type2,0
D018:m:04,holdout,15,type2,0
D018:m:05,holdout,15,type2,0
D018:m:06,holdout,15,type2,0
D018:m:07,holdout,15,type2,0
D018:m:08,exploration,15,type2,0
D018:m:09,exploration,15,type2,0
D018_D001:h:00,holdout,45,type3+type4,0
D018_D001:h:01,holdout,45,type3+type4,0
D018_D001:h:02,holdout,45,type3+type4,0
D018_D001:h:03,holdout,45,type3+type4,0
D018_D001:h:04,holdout,45,type3+type4,0
D018_D002:h:00,holdout,45,type3+type4,0
D018_D002:h:01,holdout,45,type3+type4,0
D018_D002:h:02,holdout,45,type3+type4,0
D018_D002:h:03,holdout,45,type3+type4,0
D018_D002:h:04,holdout,45,type3+type4,0
D018_D005:h:00,holdout,45,type3+type4,0
D018_D005:h:01,holdout,45,type3+type4,0
D018_D005:h:02,holdout,45,type3+type4,0
D018_D005:h:03,holdout,45,type3+type4,0
D018_D005:h:04,holdout,45,type3+type4,0
D018_D011:h:00,holdout,45,type3+type4,0
D018_D011:h:01,holdout,45,type3+type4,0
D018_D011:h:02,holdout,45,type3+type4,0
D018_D011:h:03,holdout,45,type3+type4,0
D018_D011:h:04,holdout,45,type3+type4,0
D018_D013:h:00,holdout,45,type3+type4,0
D018_D013:h:01,holdout,45,type3+type4,0
D018_D013:h:02,holdout,45,type3+type4,0
D018_D013:h:03,holdout,45,type3+type4,0
D018_D013:h:04,holdout,45,type3+type4,0
D018_D016:h:00,holdout,45,type3+type4,0
D018_D016:h:01,holdout,45,type3+type4,0
D018_D016:h:02,holdout,45,type3+type4,0
D018_D016:h:03,holdout,45,type3+type4,0
D018_D016:h:04,holdout,45,type3+type4,0
D018_D019:h:00,holdout,45,type3+type4,0
D018_D019:h:01,holdout,45,type3+type4,0
D018_D019:h:02,holdout,45,type3+type4,0
D018_D019:h:03,holdout,45,type3+type4,0
D018_D019:h:04,holdout,45,type3+type4,0
D018_D020:h:00,holdout,45,type3+type4,0
D018_D020:h:01,holdout,45,type3+type4,0
D018_D020:h:02,holdout,45,type3+type4,0
D018_D020:h:03,holdout,45,type3+type4,0
D018_D020:h:04,holdout,45,type3+type4,0
D019:l:00,holdout,15,type1,0
D019:l:01,holdout,15,type1,0
D019:l:02,holdout,15,type1,0
D019:l:03,exploration,15,type1,0
D019:l:04,exploration,15,type1,0
D019:m:00,exploration,15,type2,0
D019:m:01,holdout,15,type2,0
D019:m:02,holdout,15,type2,0
D019:m:03,holdout,15,type2,0
D019:m:04,holdout,15,type2,0
D019:m:05,holdout,15,type2,0
D019:m:06,holdout,15,type2,0
D019:m:07,holdout,15,type2,0
D019:m:08,holdout,15,type2,0
D019:m:09,exploration,15,type2,0
D019_D005:h:00,holdout,45,type3+type4,0
D019_D005:h:01,holdout,45,type3+type4,0
D019_D005:h:02,holdout,45,type3+type4,0
D019_D005:h:03,holdout,45,type3+type4,0
D019_D005:h:04,holdout,45,type3+type4,0
D019_D016:h:00,holdout,45,type3+type4,0
D019_D016:h:01,holdout,45,type3+type4,0
D019_D016:h:02,holdout,45,type3+type4,0
D019_D016:h:03,holdout,45,type3+type4,0
D019_D016:h:04,holdout,45,type3+type4,0
D019_D018:h:00,holdout,45,type3+type4,0
D019_D018:h:01,holdout,45,type3+type4,0
D019_D018:h:02,holdout,45,type3+type4,0
D019_D018:h:03,holdout,45,type3+type4,0
D019_D018:h:04,holdout,45,type3+type4,0
D019_D020:h:00,holdout,45,type3+type4,0
D019_D020:h:01,holdout,45,type3+type4,0
D019_D020:h:02,exploration,45,type3+type4,0
D019_D020:h:03,holdout,45,type3+type4,0
D019_D020:h:04,holdout,45,type3+type4,0
D020:l:00,exploration,15,type1,0
D020:l:01,holdout,15,type1,0
D020:l:02,holdout,15,type1,0
D020:l:03,exploration,15,type1,0
D020:l:04,holdout,15,type1,0
D020:m:00,holdout,15,type2,0
D020:m:01,holdout,15,type2,0
D020:m:02,holdout,15,type2,0
D020:m:03,holdout,15,type2,0
D020:m:04,exploration,15,type2,0
D020:m:05,exploration,15,type2,0
D020:m:06,holdout,15,type2,0
D020:m:07,holdout,15,type2,0
D020:m:08,holdout,15,type2,0
D020:m:09,holdout,15,type2,0
D020_D013:h:00,holdout,45,type3+type4,0
D020_D013:h:01,holdout,45,type3+type4,0
D020_D013:h:02,holdout,45,type3+type4,0
D020_D013:h:03,holdout,45,type3+type4,0
D020_D013:h:04,holdout,45,type3+type4,0
D021:l:00,holdout,15,type1,0
D021:l:01,exploration,15,type1,0
D021:l:02,holdout,15,type1,0
D021:l:03,exploration,15,type1,0
D021:l:04,holdout,15,type1,0
D021:m:00,holdout,15,type2,0
D021:m:01,holdout,15,type2,0
D021:m:02,holdout,15,type2,0
D021:m:03,exploration,15,type2,0
D021:m:04,holdout,15,type2,0
D021:m:05,holdout,15,type2,0
D021:m:06,holdout,15,type2,0
D021:m:07,exploration,15,type2,0
D021:m:08,holdout,15,type2,0
D021:m:09,holdout,15,type2,0
D021_D005:h:00,holdout,45,type3+type4,0
D021_D005:h:01,holdout,45,type3+type4,0
D021_D005:h:02,holdout,45,type3+type4,0
D021_D005:h:03,holdout,45,type3+type4,0
D021_D005:h:04,holdout,45,type3+type4,0
D021_D013:h:00,holdout,45,type3+type4,0
D021_D013:h:01,holdout,45,type3+type4,0
D021_D013:h:02,holdout,45,type3+type4,0
D021_D013:h:03,holdout,45,type3+type4,0
D021_D013:h:04,holdout,45,type3+type4,0
D021_D016:h:00,holdout,45,type3+type4,0
D021_D016:h:01,holdout,45,type3+type4,0
D021_D016:h:02,holdout,45,type3+type4,0
D021_D016:h:03,holdout,45,type3+type4,0
D021_D016:h:04,holdout,45,type3+type4,0
D021_D017:h:00,holdout,45,type3+type4,0
D021_D017:h:01,holdout,45,type3+type4,0
D021_D017:h:02,holdout,45,type3+type4,0
D021_D017:h:03,holdout,45,type3+type4,0
D021_D017:h:04,holdout,45,type3+type4,0
D021_D022:h:00,holdout,45,type3+type4,0
D021_D022:h:01,holdout,45,type3+type4,0
D021_D022:h:02,holdout,45,type3+type4,0
D021_D022:h:03,holdout,45,type3+type4,0
D021_D022:h:04,holdout,45,type3+type4,0
D022:l:00,holdout,15,type1,0
D022:l:01,exploration,15,type1,0
D022:l:02,holdout,15,type1,0
D022:l:03,exploration,15,type1,0
D022:l:04,holdout,15,type1,0
D022:m:00,holdout,15,type2,0
D022:m:01,exploration,15,type2,0
D022:m:02,holdout,15,type2,0
D022:m:03,holdout,15,type2,0
D022:m:04,holdout,15,type2,0
D022:m:05,holdout,15,type2,0
D022:m:06,holdout,15,type2,0
D022:m:07,exploration,15,type2,0
D022:m:08,holdout,15,type2,0
D022:m:09,holdout,15,type2,0
D022_D013:h:00,holdout,45,type3+type4,0
D022_D013:h:01,holdout,45,type3+type4,0
D022_D013:h:02,holdout,45,type3+type4,0
D022_D013:h:03,holdout,45,type3+type4,0
D022_D013:h:04,holdout,45,type3+type4,0
D022_D023:h:00,holdout,45,type3+type4,0
D022_D023:h:01,holdout,45,type3+type4,0
D022_D023:h:02,holdout,45,type3+type4,0
D022_D023:h:03,holdout,45,type3+type4,0
D022_D023:h:04,holdout,45,type3+type4,0
D023:l:00,exploration,15,type1,0
D023:l:01,holdout,15,type1,0
D023:l:02,holdout,15,type1,0
D023:l:03,holdout,15,type1,0
D023:l:04,exploration,15,type1,0
D023:m:00,exploration,15,type2,0
D023:m:01,holdout,15,type2,0
D023:m:02,holdout,15,type2,0
D023:m:03,exploration,15,type2,0
D023:m:04,holdout,15,type2,0
D023:m:05,holdout,15,type2,0
D023:m:06,holdout,15,type2,0
D023:m:07,holdout,15,type2,0
D023:m:08,holdout,15,type2,0
D023:m:09,holdout,15,type2,0
D023_D008:h:00,holdout,45,type3+type4,0
D023_D008:h:01,holdout,45,type3+type4,0
D023_D008:h:02,holdout,45,type3+type4,0
D023_D008:h:03,holdout,45,type3+type4,0
D023_D008:h:04,holdout,45,type3+type4,0
D023_D009:h:00,holdout,45,type3+type4,0
D023_D009:h:01,holdout,45,type3+type4,0
D023_D009:h:02,holdout,45,type3+type4,0
D023_D009:h:03,holdout,45,type3+type4,0
D023_D009:h:04,holdout,45,type3+type4,0
D023_D013:h:00,holdout,45,type3+type4,0
D023_D013:h:01,holdout,45,type3+type4,0
D023_D013:h:02,holdout,45,type3+type4,0
D023_D013:h:03,holdout,45,type3+type4,0
D023_D013:h:04,holdout,45,type3+type4,0
D023_D022:h:00,holdout,45,type3+type4,0
D023_D022:h:01,holdout,45,type3+type4,0
D023_D022:h:02,holdout,45,type3+type4,0
D023_D022:h:03,exploration,45,type3+type4,0
D023_D022:h:04,holdout,45,type3+type4,0
